"","patzip","zip_type","zip_common_cities","county","area_codes","pop","city","state","latitude","longitude"
"1",6001,"Standard","Avon","Hartford County","Area Code 203",18385,"Avon","CT",41.789698,-72.86431
"2",6002,"Standard","Bloomfield","Hartford County","Area Code 860",20486,"Bloomfield","CT",41.832798,-72.72642
"3",6006,"Unique","Windsor","Hartford County","Area Code 860",NA,"Windsor","CT",41.879637,-72.734271
"4",6010,"Standard","Bristol","Hartford County","Area Code 860",60448,"Bristol","CT",41.682249,-72.93365
"5",6011,"PO Box","Bristol","Hartford County","Area Code 860",NA,"Bristol","CT",41.791776,-72.718832
"6",6013,"Standard","Burlington, Unionville","Hartford County","Area Code 860",9326,"Burlington","CT",41.758415,-72.94642
"7",6016,"Standard","Broad Brook, Melrose, Windsorville","Hartford County","Area Code 860",6226,"Broad Brook","CT",41.909097,-72.54393
"8",6018,"Standard","Canaan","Litchfield County","Area Code 860",2865,"Canaan","CT",42.02351,-73.31103
"9",6019,"Standard","Canton, Collinsville","Hartford County","Area Code 860",10129,"Canton","CT",41.834247,-72.89174
"10",6020,"Standard","Canton Center","Hartford County","Area Code 860",0,"Canton Center","CT",41.864597,-72.91003
"11",6021,"Standard","Colebrook","Litchfield County","Area Code 860",314,"Colebrook","CT",42.027797,-73.11835
"12",6022,"Standard","Collinsville","Hartford County","Area Code 860",163,"Collinsville","CT",41.832842,-72.92526
"13",6023,"Standard","East Berlin","Hartford County","Area Code 860",1296,"East Berlin","CT",41.612748,-72.72017
"14",6024,"Standard","East Canaan","Litchfield County","Area Code 860",647,"East Canaan","CT",42.010733,-73.26877
"15",6025,"PO Box","East Glastonbury, E Glastonbury","Hartford County","Area Code 860",NA,"East Glastonbury","CT",41.688896,-72.534482
"16",6026,"Standard","East Granby","Hartford County","Area Code 860",5117,"East Granby","CT",41.935501,-72.72718
"17",6027,"Standard","East Hartland","Hartford County","Area Code 860",1492,"East Hartland","CT",42.002345,-72.90922
"18",6028,"PO Box","East Windsor Hill, E Windsor Hl","Hartford County","Area Code 860",NA,"East Windsor Hill","CT",41.859248,-72.603033
"19",6029,"Standard","Ellington","Tolland County","Area Code 860",15547,"Ellington","CT",41.909147,-72.45026
"20",6030,"Unique","Farmington","Hartford County","Area Code 860",NA,"Farmington","CT",41.791776,-72.718832
"21",6031,"Standard","Falls Village","Litchfield County","Area Code 860",1287,"Falls Village","CT",41.948694,-73.3296
"22",6032,"Standard","Farmington","Hartford County","Area Code 860",17675,"Farmington","CT",41.725195,-72.83032
"23",6033,"Standard","Glastonbury","Hartford County","Area Code 860",28762,"Glastonbury","CT",41.707932,-72.57085
"24",6034,"PO Box","Farmington","Hartford County","Area Code 860",NA,"Farmington","CT",41.791776,-72.718832
"25",6035,"Standard","Granby","Hartford County","Area Code 203",7513,"Granby","CT",41.959713,-72.79826
"26",6037,"Standard","Berlin, Kensington","Hartford County","Area Code 860",18565,"Kensington","CT",41.619048,-72.76734
"27",6039,"Standard","Lakeville","Litchfield County","Area Code 860",1942,"Lakeville","CT",41.951783,-73.43722
"28",6040,"Standard","Manchester","Hartford County","Area Code 860",35306,"Manchester","CT",41.778888,-72.52384
"29",6041,"Unique","Manchester","Hartford County","Area Code 860",NA,"Manchester","CT",41.794681,-72.564832
"30",6042,"Standard","Manchester","Hartford County","Area Code 860",22942,"Manchester","CT",41.79,-72.53
"31",6043,"Standard","Bolton","Tolland County","Area Code 860",4986,"Bolton","CT",41.771265,-72.43669
"32",6045,"PO Box","Manchester","Hartford County","Area Code 860",NA,"Manchester","CT",41.791776,-72.718832
"33",6050,"PO Box","New Britain","Hartford County","Area Code 860",NA,"New Britain","CT",41.666049,-72.778391
"34",6051,"Standard","New Britain","Hartford County","Area Code 860",30519,"New Britain","CT",41.666249,-72.76996
"35",6052,"Standard","New Britain","Hartford County","Area Code 860",7858,"New Britain","CT",41.659099,-72.80129
"36",6053,"Standard","New Britain","Hartford County","Area Code 860",34863,"New Britain","CT",41.686949,-72.7908
"37",6057,"Standard","New Hartford","Litchfield County","Area Code 860",6707,"New Hartford","CT",41.852712,-73.00492
"38",6058,"Standard","Norfolk","Litchfield County","Area Code 860",1787,"Norfolk","CT",41.986861,-73.19437
"39",6059,"Standard","North Canton","Hartford County","Area Code 860",0,"North Canton","CT",41.937513,-72.92017
"40",6060,"Standard","North Granby","Hartford County","Area Code 860",2581,"North Granby","CT",42.012195,-72.8445
"41",6061,"PO Box","Pine Meadow","Litchfield County","",169,"Pine Meadow","CT",41.874382,-72.967958
"42",6062,"Standard","Plainville","Hartford County","Area Code 860",17715,"Plainville","CT",41.671548,-72.86294
"43",6063,"Standard","Barkhamsted, Pleasant Valley, Pleasant Vly, Winsted","Litchfield County","Area Code 860",3285,"Pleasant Valley","CT",41.926696,-72.96783
"44",6064,"PO Box","Poquonock","Hartford County","Area Code 860",NA,"Poquonock","CT",41.791776,-72.718832
"45",6065,"Standard","Riverton","Hartford County","Area Code 860",882,"Riverton","CT",41.961127,-73.01859
"46",6066,"Standard","Vernon Rockville, Vernon, Vernon Rockvl","Tolland County","Area Code 860",29219,"Vernon Rockville","CT",41.841615,-72.46708
"47",6067,"Standard","Rocky Hill","Hartford County","Area Code 860",19709,"Rocky Hill","CT",41.660949,-72.66098
"48",6068,"Standard","Salisbury","Litchfield County","Area Code 860",1612,"Salisbury","CT",42.014673,-73.42408
"49",6069,"Standard","Sharon","Litchfield County","Area Code 860",2535,"Sharon","CT",41.866222,-73.46331
"50",6070,"Standard","Simsbury","Hartford County","Area Code 860",15104,"Simsbury","CT",41.874064,-72.81644
"51",6071,"Standard","Somers","Tolland County","Area Code 860",11645,"Somers","CT",41.995851,-72.45336
"52",6072,"PO Box","Somersville","Tolland County","Area Code 860",NA,"Somersville","CT",41.976466,-72.490593
"53",6073,"Standard","South Glastonbury, S Glastonbury","Hartford County","Area Code 860",5651,"South Glastonbury","CT",41.660899,-72.56887
"54",6074,"Standard","South Windsor","Hartford County","Area Code 860",25705,"South Windsor","CT",41.836665,-72.56076
"55",6075,"PO Box","Stafford","Tolland County","Area Code 860",NA,"Stafford","CT",41.81152,-72.308779
"56",6076,"Standard","Stafford Springs, Stafford Spgs, Union","Tolland County","Area Code 860",12659,"Stafford Springs","CT",41.979871,-72.27863
"57",6077,"PO Box","Staffordville","Tolland County","Area Code 860",NA,"Staffordville","CT",41.991645,-72.257735
"58",6078,"Standard","Suffield","Hartford County","Area Code 860",12413,"Suffield","CT",41.985946,-72.63897
"59",6079,"PO Box","Taconic","Litchfield County","",NA,"Taconic","CT",42.032012,-73.403763
"60",6080,"Unique","Suffield","Hartford County","Area Code 860",NA,"Suffield","CT",41.948597,-72.628802
"61",6081,"Standard","Tariffville","Hartford County","Area Code 860",1381,"Tariffville","CT",41.907114,-72.76831
"62",6082,"Standard","Enfield","Hartford County","Area Code 860",44654,"Enfield","CT",41.987238,-72.56365
"63",6083,"PO Box","Enfield","Hartford County","Area Code 860",NA,"Enfield","CT",41.791776,-72.718832
"64",6084,"Standard","Tolland","Tolland County","Area Code 860",15067,"Tolland","CT",41.87688,-72.36806
"65",6085,"Standard","Unionville","Hartford County","Area Code 860",7276,"Unionville","CT",41.749832,-72.8898
"66",6087,"Unique","Unionville","Hartford County","Area Code 860",NA,"Unionville","CT",41.757616,-72.884953
"67",6088,"Standard","East Windsor","Hartford County","Area Code 860",4936,"East Windsor","CT",41.908464,-72.60547
"68",6089,"Standard","Weatogue","Hartford County","Area Code 860",2813,"Weatogue","CT",41.839731,-72.81974
"69",6090,"Standard","West Granby","Hartford County","Area Code 860",1232,"West Granby","CT",41.953596,-72.85242
"70",6091,"Standard","West Hartland","Hartford County","Area Code 860",140,"West Hartland","CT",42.002748,-72.98906
"71",6092,"Standard","West Simsbury","Hartford County","Area Code 860",4203,"West Simsbury","CT",41.861297,-72.86055
"72",6093,"Standard","West Suffield","Hartford County","Area Code 860",3322,"West Suffield","CT",42.019907,-72.73357
"73",6094,"PO Box","Winchester Center, Winchestr Ctr","Litchfield County","",NA,"Winchester Center","CT",41.896321,-73.146312
"74",6095,"Standard","Windsor","Hartford County","Area Code 860",29079,"Windsor","CT",41.857303,-72.66654
"75",6096,"Standard","Windsor Locks","Hartford County","Area Code 860",12498,"Windsor Locks","CT",41.926997,-72.64688
"76",6098,"Standard","Winsted, Winchester Center, Winchestr Ctr","Litchfield County","Area Code 860",12426,"Winsted","CT",41.925967,-73.06944
"77",6101,"Standard","Hartford","Hartford County","Area Code 860",NA,"Hartford","CT",41.78007,-72.677099
"78",6102,"PO Box","Hartford","Hartford County","Area Code 860",NA,"Hartford","CT",41.791776,-72.718832
"79",6103,"Standard","Hartford","Hartford County","Area Code 860",1410,"Hartford","CT",41.767049,-72.67433
"80",6104,"PO Box","Hartford","Hartford County","Area Code 860",NA,"Hartford","CT",41.791776,-72.718832
"81",6105,"Standard","Hartford","Hartford County","Area Code 203",19392,"Hartford","CT",41.771166,-72.70255
"82",6106,"Standard","Hartford","Hartford County","Area Code 860",39902,"Hartford","CT",41.7469,-72.69593
"83",6107,"Standard","West Hartford, Hartford, West Hartfrd","Hartford County","Area Code 860",18786,"W Hartford","CT",41.75275,-72.7546
"84",6108,"Standard","East Hartford, Hartford","Hartford County","Area Code 860",24307,"East Hartford","CT",41.778316,-72.62313
"85",6109,"Standard","Wethersfield, Hartford","Hartford County","Area Code 860",26668,"Wethersfield","CT",41.702049,-72.6747
"86",6110,"Standard","West Hartford, Hartford, West Hartfrd","Hartford County","Area Code 860",12650,"W Hartford","CT",41.7313,-72.73374
"87",6111,"Standard","Newington, Hartford","Hartford County","Area Code 860",30562,"Newington","CT",41.688899,-72.73101
"88",6112,"Standard","Hartford","Hartford County","Area Code 860",22879,"Hartford","CT",41.793299,-72.6954
"89",6114,"Standard","Hartford","Hartford County","Area Code 860",27449,"Hartford","CT",41.7387,-72.67889
"90",6115,"PO Box","Hartford","Hartford County","Area Code 860",NA,"Hartford","CT",41.758849,-72.679387
"91",6117,"Standard","West Hartford, Hartford, West Hartfrd","Hartford County","Area Code 203",17267,"W Hartford","CT",41.791399,-72.74853
"92",6118,"Standard","East Hartford, Hartford","Hartford County","Area Code 860",26956,"East Hartford","CT",41.745349,-72.60807
"93",6119,"Standard","West Hartford, Hartford, West Hartfrd","Hartford County","Area Code 860",15474,"W Hartford","CT",41.76255,-72.72839
"94",6120,"Standard","Hartford","Hartford County","Area Code 860",12887,"Hartford","CT",41.784794,-72.67378
"95",6123,"PO Box","Hartford","Hartford County","Area Code 860",NA,"Hartford","CT",41.791776,-72.718832
"96",6126,"PO Box","Hartford","Hartford County","Area Code 860",NA,"Hartford","CT",41.791776,-72.718832
"97",6127,"PO Box","West Hartford, Hartford, West Hartfrd","Hartford County","Area Code 860",NA,"W Hartford","CT",41.791776,-72.718832
"98",6128,"PO Box","East Hartford, Hartford","Hartford County","Area Code 860",NA,"East Hartford","CT",41.791776,-72.718832
"99",6129,"PO Box","Wethersfield, Hartford","Hartford County","Area Code 860",NA,"Wethersfield","CT",41.791776,-72.718832
"100",6131,"PO Box","Newington, Hartford","Hartford County","Area Code 860",NA,"Newington","CT",41.791776,-72.718832
"101",6132,"PO Box","Hartford","Hartford County","Area Code 860",NA,"Hartford","CT",41.791776,-72.718832
"102",6133,"PO Box","West Hartford, Hartford, West Hartfrd","Hartford County","Area Code 860",NA,"W Hartford","CT",41.791776,-72.718832
"103",6134,"PO Box","Hartford","Hartford County","Area Code 860",NA,"Hartford","CT",41.791776,-72.718832
"104",6137,"PO Box","West Hartford, Bishops Cor, Bishops Corner, Hartford, W...","Hartford County","Area Code 860",NA,"W Hartford","CT",41.791776,-72.718832
"105",6138,"PO Box","East Hartford, Hartford, Silver Lane","Hartford County","Area Code 860",NA,"East Hartford","CT",41.791776,-72.718832
"106",6140,"PO Box","Hartford","Hartford County","Area Code 860",NA,"Hartford","CT",41.791776,-72.718832
"107",6141,"PO Box","Hartford","Hartford County","Area Code 860",NA,"Hartford","CT",41.791776,-72.718832
"108",6142,"PO Box","Hartford","Hartford County","Area Code 860",NA,"Hartford","CT",41.791776,-72.718832
"109",6143,"PO Box","Hartford","Hartford County","Area Code 860",NA,"Hartford","CT",41.791776,-72.718832
"110",6144,"PO Box","Hartford","Hartford County","Area Code 860",NA,"Hartford","CT",41.791776,-72.718832
"111",6145,"PO Box","Hartford","Hartford County","Area Code 860",NA,"Hartford","CT",41.791776,-72.718832
"112",6146,"PO Box","Hartford","Hartford County","Area Code 860",NA,"Hartford","CT",41.791776,-72.718832
"113",6147,"PO Box","Hartford","Hartford County","Area Code 860",NA,"Hartford","CT",41.791776,-72.718832
"114",6150,"Unique","Hartford","Hartford County","Area Code 860",NA,"Hartford","CT",41.791776,-72.718832
"115",6151,"Unique","Hartford","Hartford County","Area Code 860",NA,"Hartford","CT",41.791776,-72.718832
"116",6152,"Standard","Hartford","Hartford County","Area Code 860",NA,"Hartford","CT",41.791776,-72.718832
"117",6153,"Unique","Hartford","Hartford County","Area Code 860",NA,"Hartford","CT",41.791776,-72.718832
"118",6154,"Unique","Hartford","Hartford County","Area Code 860",NA,"Hartford","CT",41.771499,-72.686687
"119",6155,"Unique","Hartford","Hartford County","Area Code 860",NA,"Hartford","CT",41.76928,-72.686465
"120",6156,"Unique","Hartford","Hartford County","Area Code 860",NA,"Hartford","CT",41.767949,-72.690687
"121",6160,"Unique","Hartford","Hartford County","Area Code 860",0,"Hartford","CT",41.766499,-72.693337
"122",6161,"Unique","Hartford, Wethersfield","Hartford County","Area Code 860",NA,"Hartford","CT",41.766049,-72.671837
"123",6167,"Unique","Hartford","Hartford County","Area Code 860",NA,"Hartford","CT",41.791776,-72.718832
"124",6176,"Unique","Hartford","Hartford County","Area Code 860",NA,"Hartford","CT",41.791776,-72.718832
"125",6180,"Unique","Hartford","Hartford County","Area Code 860",NA,"Hartford","CT",41.791776,-72.718832
"126",6183,"Unique","Hartford","Hartford County","Area Code 860",NA,"Hartford","CT",41.763849,-72.673037
"127",6199,"Standard","Hartford","Hartford County","Area Code 860",NA,"Hartford","CT",41.927447,-72.680386
"128",6226,"Standard","Willimantic","Windham County","Area Code 860",20114,"Willimantic","CT",41.714867,-72.20934
"129",6230,"PO Box","Abington","Windham County","Area Code 860",NA,"Abington","CT",41.847302,-72.02528
"130",6231,"Standard","Amston","Tolland County","Area Code 860",4083,"Amston","CT",41.629818,-72.36419
"131",6232,"Standard","Andover","Tolland County","Area Code 860",3297,"Andover","CT",41.737015,-72.37151
"132",6233,"PO Box","Ballouville","Windham County","Area Code 860",NA,"Ballouville","CT",41.831565,-72.020137
"133",6234,"Standard","Brooklyn","Windham County","Area Code 860",8244,"Brooklyn","CT",41.782474,-71.95989
"134",6235,"Standard","Chaplin, Mansfield Center, Mansfield Ctr, North W...","Windham County","Area Code 860",2257,"Chaplin","CT",41.809166,-72.11274
"135",6237,"Standard","Columbia","Tolland County","Area Code 860",5492,"Columbia","CT",41.702777,-72.29349
"136",6238,"Standard","Coventry","Tolland County","Area Code 860",12428,"Coventry","CT",41.778651,-72.33137
"137",6239,"Standard","Danielson","Windham County","Area Code 860",11183,"Danielson","CT",41.799111,-71.87594
"138",6241,"Standard","Dayville","Windham County","Area Code 860",6650,"Dayville","CT",41.850225,-71.85749
"139",6242,"Standard","Eastford","Windham County","Area Code 860",1408,"Eastford","CT",41.90913,-72.09527
"140",6243,"Standard","East Killingly, E Killingly","Windham County","Area Code 860",60,"East Killingly","CT",41.844885,-71.818941
"141",6244,"PO Box","East Woodstock, E Woodstock","Windham County","Area Code 860",NA,"East Woodstock","CT",41.984327,-71.981045
"142",6245,"PO Box","Fabyan","Windham County","Area Code 860",NA,"Fabyan","CT",42.019776,-71.941669
"143",6246,"PO Box","Grosvenor Dale, Grosvenor Dl","Windham County","Area Code 860",NA,"Grosvenor Dale","CT",41.971116,-71.891732
"144",6247,"Standard","Hampton","Windham County","Area Code 860",2841,"Hampton","CT",41.767929,-72.06127
"145",6248,"Standard","Hebron","Tolland County","Area Code 860",5603,"Hebron","CT",41.683399,-72.40144
"146",6249,"Standard","Lebanon","New London County","Area Code 860",7308,"Lebanon","CT",41.618403,-72.24215
"147",6250,"Standard","Mansfield Center, Mansfield Ctr","Tolland County","Area Code 860",4821,"Mansfield Center","CT",41.768455,-72.20007
"148",6251,"PO Box","Mansfield Depot, Mansfield Dpt","Tolland County","Area Code 860",NA,"Mansfield Depot","CT",41.799326,-72.306526
"149",6254,"Standard","North Franklin, N Franklin","New London County","Area Code 860",1922,"North Franklin","CT",41.609066,-72.14439
"150",6255,"Standard","North Grosvenordale, N Grosvenordl","Windham County","Area Code 860",4744,"North Grosvenordale","CT",41.989579,-71.89659
"151",6256,"Standard","North Windham","Windham County","Area Code 860",2154,"North Windham","CT",41.758713,-72.13964
"152",6258,"PO Box","Pomfret","Windham County","Area Code 860",NA,"Pomfret","CT",41.889048,-71.968232
"153",6259,"Standard","Pomfret Center, Pomfret Ctr","Windham County","Area Code 860",4498,"Pomfret Center","CT",41.876565,-71.98252
"154",6260,"Standard","Putnam","Windham County","Area Code 860",9510,"Putnam","CT",41.913816,-71.88434
"155",6262,"Standard","Quinebaug","Windham County","Area Code 860",586,"Quinebaug","CT",42.022904,-71.94671
"156",6263,"PO Box","Rogers","Windham County","Area Code 860",345,"Rogers","CT",41.839051,-71.90634
"157",6264,"Standard","Scotland","Windham County","Area Code 860",166,"Scotland","CT",41.693435,-72.09891
"158",6265,"PO Box","South Willington, S Willington","Tolland County","Area Code 860",NA,"South Willington","CT",41.81152,-72.308779
"159",6266,"Standard","South Windham","Windham County","Area Code 860",495,"South Windham","CT",41.670349,-72.16028
"160",6267,"PO Box","South Woodstock, S Woodstock","Windham County","Area Code 860",NA,"South Woodstock","CT",41.943902,-71.945253
"161",6268,"Standard","Storrs Mansfield, Storrs, Storrs Manfld","Tolland County","Area Code 860",11481,"Storrs Mansfield","CT",41.806041,-72.26127
"162",6269,"Unique","Storrs Mansfield, Storrs, Storrs Manfld","Tolland County","Area Code 860",9844,"Storrs Mansfield","CT",41.80743,-72.25025
"163",6277,"Standard","Thompson","Windham County","Area Code 860",4140,"Thompson","CT",41.972782,-71.83969
"164",6278,"Standard","Ashford, Warrenville","Windham County","Area Code 860",4454,"Ashford","CT",41.895108,-72.17674
"165",6279,"Standard","Willington","Tolland County","Area Code 860",6041,"Willington","CT",41.896875,-72.27456
"166",6280,"Standard","Windham","Windham County","Area Code 860",3162,"Windham","CT",41.697765,-72.14671
"167",6281,"Standard","Woodstock","Windham County","Area Code 860",6930,"Woodstock","CT",41.971403,-71.99872
"168",6282,"Standard","Woodstock Valley, Woodstock Vly","Windham County","Area Code 860",1096,"Woodstock Valley","CT",41.943199,-72.0728
"169",6320,"Standard","New London","New London County","Area Code 860",27617,"New London","CT",41.352498,-72.10338
"170",6330,"Standard","Baltic","New London County","Area Code 860",3282,"Baltic","CT",41.634556,-72.06549
"171",6331,"Standard","Canterbury","Windham County","Area Code 860",5137,"Canterbury","CT",41.697123,-72.0029
"172",6332,"PO Box","Central Village, Central Vlg","Windham County","Area Code 860",258,"Central Village","CT",41.725694,-71.909019
"173",6333,"Standard","East Lyme","New London County","Area Code 860",6607,"East Lyme","CT",41.371913,-72.2269
"174",6334,"PO Box","Bozrah","New London County","Area Code 860",2592,"Bozrah","CT",41.543559,-72.17684
"175",6335,"Standard","Gales Ferry","New London County","Area Code 860",6729,"Gales Ferry","CT",41.426775,-72.07227
"176",6336,"Standard","Gilman","New London County","Area Code 860",84,"Gilman","CT",41.577198,-72.20036
"177",6338,"PO Box","Mashantucket, Ledyard","New London County","Area Code 860",NA,"Mashantucket","CT",41.35,-72.09
"178",6339,"Standard","Ledyard, Gales Ferry","New London County","Area Code 860",8302,"Ledyard","CT",41.449482,-71.98233
"179",6340,"Standard","Groton","New London County","Area Code 860",31242,"Groton","CT",41.345331,-72.04524
"180",6349,"PO Box","Groton","New London County","Area Code 860",NA,"Groton","CT",41.39973,-72.090357
"181",6350,"PO Box","Hanover","New London County","Area Code 860",67,"Hanover","CT",41.644546,-72.06769
"182",6351,"Standard","Jewett City, Griswold, Lisbon","New London County","Area Code 860",16301,"Jewett City","CT",41.604341,-71.97599
"183",6353,"Standard","Montville","New London County","Area Code 860",162,"Montville","CT",41.452548,-72.137471
"184",6354,"Standard","Moosup","Windham County","Area Code 860",6141,"Moosup","CT",41.71836,-71.87098
"185",6355,"Standard","Mystic","New London County","Area Code 860",12985,"Mystic","CT",41.360798,-71.97281
"186",6357,"Standard","Niantic","New London County","Area Code 860",12552,"Niantic","CT",41.319649,-72.21064
"187",6359,"Standard","North Stonington, N Stonington","New London County","Area Code 860",5313,"North Stonington","CT",41.456189,-71.86813
"188",6360,"Standard","Norwich","New London County","Area Code 860",37541,"Norwich","CT",41.533848,-72.06232
"189",6365,"Standard","Preston, Norwich","New London County","Area Code 860",4720,"Preston","CT",41.509586,-71.96621
"190",6370,"Standard","Oakdale","New London County","Area Code 203",7429,"Oakdale","CT",41.464274,-72.19551
"191",6371,"Standard","Old Lyme, Lyme","New London County","Area Code 860",9952,"Old Lyme","CT",41.339421,-72.31008
"192",6372,"PO Box","Old Mystic","New London County","Area Code 860",NA,"Old Mystic","CT",41.388216,-71.949548
"193",6373,"PO Box","Oneco","Windham County","Area Code 860",345,"Oneco","CT",41.678897,-71.79952
"194",6374,"Standard","Plainfield","Windham County","Area Code 860",8373,"Plainfield","CT",41.684777,-71.91911
"195",6375,"Standard","Quaker Hill","New London County","Area Code 860",3660,"Quaker Hill","CT",41.401398,-72.11444
"196",6376,"PO Box","South Lyme","New London County","Area Code 860",57,"South Lyme","CT",41.294797,-72.25602
"197",6377,"Standard","Sterling","Windham County","Area Code 860",2962,"Sterling","CT",41.730575,-71.81845
"198",6378,"Standard","Stonington","New London County","Area Code 860",5399,"Stonington","CT",41.351307,-71.91317
"199",6379,"Standard","Pawcatuck","New London County","Area Code 860",9038,"Pawcatuck","CT",41.375701,-71.84876
"200",6380,"Standard","Taftville","New London County","Area Code 860",2862,"Taftville","CT",41.566298,-72.05148
"201",6382,"Standard","Uncasville","New London County","Area Code 860",11947,"Uncasville","CT",41.457198,-72.11459
"202",6383,"PO Box","Versailles","New London County","Area Code 860",NA,"Versailles","CT",41.601648,-72.04037
"203",6384,"Standard","Voluntown, Glasgo","New London County","Area Code 860",2672,"Voluntown","CT",41.5787,-71.85668
"204",6385,"Standard","Waterford","New London County","Area Code 860",15893,"Waterford","CT",41.347948,-72.14762
"205",6386,"Unique","Waterford","New London County","Area Code 860",NA,"Waterford","CT",41.464758,-72.127301
"206",6387,"PO Box","Wauregan","Windham County","Area Code 860",213,"Wauregan","CT",41.744527,-71.913339
"207",6388,"PO Box","West Mystic, Mystic","New London County","Area Code 860",NA,"West Mystic","CT",41.344098,-71.976467
"208",6389,"PO Box","Yantic","New London County","Area Code 860",41,"Yantic","CT",41.559648,-72.122672
"209",6401,"Standard","Ansonia","New Haven County","Area Code 203",19237,"Ansonia","CT",41.34269,-73.07446
"210",6403,"Standard","Beacon Falls","New Haven County","Area Code 203",6033,"Beacon Falls","CT",41.432936,-73.06453
"211",6404,"PO Box","Botsford","Fairfield County","Area Code 203",NA,"Botsford","CT",41.165097,-73.129186
"212",6405,"Standard","Branford","New Haven County","Area Code 203",27860,"Branford","CT",41.277763,-72.80542
"213",6408,"Unique","Cheshire, Macys By Mail","New Haven County","Area Code 203",NA,"Cheshire","CT",41.365709,-72.927507
"214",6409,"Standard","Centerbrook","Middlesex County","Area Code 860",693,"Centerbrook","CT",41.353453,-72.41604
"215",6410,"Standard","Cheshire","New Haven County","Area Code 203",29161,"Cheshire","CT",41.507049,-72.90489
"216",6411,"Unique","Cheshire","New Haven County","Area Code 203",NA,"Cheshire","CT",41.550097,-72.922235
"217",6412,"Standard","Chester","Middlesex County","Area Code 860",3994,"Chester","CT",41.408775,-72.47213
"218",6413,"Standard","Clinton","Middlesex County","Area Code 860",13235,"Clinton","CT",41.288599,-72.52728
"219",6414,"PO Box","Cobalt","Middlesex County","Area Code 860",214,"Cobalt","CT",41.566668,-72.558055
"220",6415,"Standard","Colchester","New London County","Area Code 860",16857,"Colchester","CT",41.56033,-72.33795
"221",6416,"Standard","Cromwell","Middlesex County","Area Code 860",14005,"Cromwell","CT",41.612046,-72.66998
"222",6417,"Standard","Deep River","Middlesex County","Area Code 860",4629,"Deep River","CT",41.37934,-72.44578
"223",6418,"Standard","Derby","New Haven County","Area Code 203",12914,"Derby","CT",41.323005,-73.08433
"224",6419,"Standard","Killingworth, Deep River","Middlesex County","Area Code 203",6525,"Killingworth","CT",41.380594,-72.57637
"225",6420,"Standard","Salem, Colchester","New London County","Area Code 860",4182,"Salem","CT",41.485469,-72.25445
"226",6422,"Standard","Durham","Middlesex County","Area Code 860",7388,"Durham","CT",41.461639,-72.68733
"227",6423,"Standard","East Haddam","Middlesex County","Area Code 860",5097,"East Haddam","CT",41.468451,-72.40615
"228",6424,"Standard","East Hampton, Haddam Neck","Middlesex County","Area Code 860",12808,"East Hampton","CT",41.573008,-72.5078
"229",6426,"Standard","Essex","Middlesex County","Area Code 860",3245,"Essex","CT",41.351598,-72.39787
"230",6437,"Standard","Guilford","New Haven County","Area Code 203",22375,"Guilford","CT",41.31353,-72.69791
"231",6438,"Standard","Haddam","Middlesex County","Area Code 860",2550,"Haddam","CT",41.45307,-72.50345
"232",6439,"PO Box","Hadlyme","New London County","Area Code 860",NA,"Hadlyme","CT",41.421198,-72.414095
"233",6440,"PO Box","Hawleyville","Fairfield County","Area Code 203",NA,"Hawleyville","CT",41.308873,-73.363661
"234",6441,"Standard","Higganum","Middlesex County","Area Code 860",5438,"Higganum","CT",41.468654,-72.57956
"235",6442,"Standard","Ivoryton","Middlesex County","Area Code 860",2745,"Ivoryton","CT",41.345099,-72.44392
"236",6443,"Standard","Madison","New Haven County","Area Code 203",18269,"Madison","CT",41.298648,-72.60938
"237",6444,"PO Box","Marion","Hartford County","Area Code 860",370,"Marion","CT",41.791776,-72.718832
"238",6447,"Standard","Marlborough","Hartford County","Area Code 860",6404,"Marlborough","CT",41.637066,-72.46252
"239",6450,"Standard","Meriden","New Haven County","Area Code 203",36493,"Meriden","CT",41.532048,-72.78145
"240",6451,"Standard","Meriden","New Haven County","Area Code 203",24419,"Meriden","CT",41.536048,-72.81973
"241",6454,"Unique","Meriden, Travlers Insurance","New Haven County","Area Code 203",NA,"Meriden","CT",41.365709,-72.927507
"242",6455,"Standard","Middlefield","Middlesex County","Area Code 860",3148,"Middlefield","CT",41.514383,-72.7183
"243",6456,"PO Box","Middle Haddam","Middlesex County","Area Code 860",295,"Middle Haddam","CT",41.538017,-72.525208
"244",6457,"Standard","Middletown","Middlesex County","Area Code 203",47648,"Middletown","CT",41.553672,-72.6632
"245",6459,"Unique","Middletown","Middlesex County","Area Code 860",NA,"Middletown","CT",41.556463,-72.658179
"246",6460,"Standard","Milford","New Haven County","Area Code 203",38207,"Milford","CT",41.21953,-73.0554
"247",6461,"Standard","Milford","New Haven County","Area Code 203",14552,"Milford","CT",41.23,-73.08
"248",6467,"PO Box","Milldale","Hartford County","Area Code 203",157,"Milldale","CT",41.565697,-72.903746
"249",6468,"Standard","Monroe","Fairfield County","Area Code 203",19479,"Monroe","CT",41.336046,-73.22241
"250",6469,"Standard","Moodus","Middlesex County","Area Code 860",3209,"Moodus","CT",41.506499,-72.44479
"251",6470,"Standard","Newtown","Fairfield County","Area Code 203",16003,"Newtown","CT",41.398462,-73.31474
"252",6471,"Standard","North Branford, N Branford","New Haven County","Area Code 203",7720,"North Branford","CT",41.332197,-72.77214
"253",6472,"Standard","Northford","New Haven County","Area Code 203",6853,"Northford","CT",41.399873,-72.77975
"254",6473,"Standard","North Haven","New Haven County","Area Code 203",24388,"North Haven","CT",41.378447,-72.85897
"255",6474,"PO Box","North Westchester, N Westchester","New London County","Area Code 860",NA,"North Westchester","CT",41.464758,-72.127301
"256",6475,"Standard","Old Saybrook","Middlesex County","Area Code 860",10242,"Old Saybrook","CT",41.289348,-72.38285
"257",6477,"Standard","Orange","New Haven County","Area Code 203",13956,"Orange","CT",41.279547,-73.02541
"258",6478,"Standard","Oxford, Seymour","New Haven County","Area Code 203",12683,"Oxford","CT",41.428163,-73.12729
"259",6479,"Standard","Plantsville","Hartford County","Area Code 860",10431,"Plantsville","CT",41.575847,-72.89696
"260",6480,"Standard","Portland","Middlesex County","Area Code 860",9508,"Portland","CT",41.588297,-72.60384
"261",6481,"Standard","Rockfall","Middlesex County","Area Code 860",1277,"Rockfall","CT",41.536643,-72.69782
"262",6482,"Standard","Sandy Hook","Fairfield County","Area Code 203",11557,"Sandy Hook","CT",41.411536,-73.24888
"263",6483,"Standard","Seymour","New Haven County","Area Code 203",16540,"Seymour","CT",41.386584,-73.0792
"264",6484,"Standard","Shelton, Huntington","Fairfield County","Area Code 203",39559,"Shelton","CT",41.306396,-73.1292
"265",6487,"PO Box","South Britain","New Haven County","Area Code 203",NA,"South Britain","CT",41.365709,-72.927507
"266",6488,"Standard","Southbury","New Haven County","Area Code 203",19904,"Southbury","CT",41.475263,-73.22184
"267",6489,"Standard","Southington","Hartford County","Area Code 860",32067,"Southington","CT",41.612298,-72.87103
"268",6491,"PO Box","Stevenson","Fairfield County","Area Code 203",NA,"Stevenson","CT",41.386646,-73.187207
"269",6492,"Standard","Wallingford, Yalesville","New Haven County","Area Code 203",45241,"Wallingford","CT",41.457711,-72.81704
"270",6493,"Unique","Wallingford","New Haven County","Area Code 203",NA,"Wallingford","CT",41.365709,-72.927507
"271",6494,"Unique","Wallingford","New Haven County","Area Code 203",NA,"Wallingford","CT",41.365709,-72.927507
"272",6495,"Unique","Wallingford","New Haven County","Area Code 203",NA,"Wallingford","CT",41.46,-72.8
"273",6497,"Standard","Stratford","Fairfield County","Area Code 203",NA,"Stratford","CT",41.207146,-73.130503
"274",6498,"Standard","Westbrook","Middlesex County","Area Code 860",6963,"Westbrook","CT",41.289499,-72.46087
"275",6501,"PO Box","New Haven","New Haven County","Area Code 203",NA,"New Haven","CT",41.365709,-72.927507
"276",6502,"PO Box","New Haven","New Haven County","Area Code 203",NA,"New Haven","CT",41.365709,-72.927507
"277",6503,"PO Box","New Haven","New Haven County","Area Code 203",NA,"New Haven","CT",41.365709,-72.927507
"278",6504,"PO Box","New Haven","New Haven County","Area Code 203",NA,"New Haven","CT",41.304697,-72.93561
"279",6505,"PO Box","New Haven","New Haven County","Area Code 203",NA,"New Haven","CT",41.305721,-72.779901
"280",6506,"PO Box","New Haven","New Haven County","Area Code 203",NA,"New Haven","CT",41.365709,-72.927507
"281",6507,"PO Box","New Haven","New Haven County","Area Code 203",NA,"New Haven","CT",41.365709,-72.927507
"282",6508,"PO Box","New Haven","New Haven County","Area Code 203",NA,"New Haven","CT",41.365709,-72.927507
"283",6509,"PO Box","New Haven","New Haven County","Area Code 203",NA,"New Haven","CT",41.365709,-72.927507
"284",6510,"Standard","New Haven","New Haven County","Area Code 203",2737,"New Haven","CT",41.306197,-72.92479
"285",6511,"Standard","New Haven, Hamden","New Haven County","Area Code 203",53600,"New Haven","CT",41.317197,-72.92798
"286",6512,"Standard","East Haven, New Haven","New Haven County","Area Code 203",29861,"East Haven","CT",41.276497,-72.87412
"287",6513,"Standard","New Haven, East Haven","New Haven County","Area Code 203",38978,"New Haven","CT",41.315797,-72.8803
"288",6514,"Standard","Hamden, New Haven","New Haven County","Area Code 203",26265,"Hamden","CT",41.357947,-72.93765
"289",6515,"Standard","New Haven","New Haven County","Area Code 203",17141,"New Haven","CT",41.327997,-72.96902
"290",6516,"Standard","West Haven, W Haven","New Haven County","Area Code 203",55564,"West Haven","CT",41.272147,-72.96496
"291",6517,"Standard","Hamden, New Haven, Whitneyville","New Haven County","Area Code 203",14853,"Hamden","CT",41.348297,-72.90712
"292",6518,"Standard","Hamden, New Haven","New Haven County","Area Code 203",19848,"Hamden","CT",41.413114,-72.90409
"293",6519,"Standard","New Haven","New Haven County","Area Code 860",16428,"New Haven","CT",41.295197,-72.93673
"294",6520,"PO Box","New Haven","New Haven County","Area Code 203",NA,"New Haven","CT",41.365709,-72.927507
"295",6521,"PO Box","New Haven","New Haven County","Area Code 203",NA,"New Haven","CT",41.365709,-72.927507
"296",6524,"Standard","Bethany, New Haven","New Haven County","Area Code 203",5563,"Bethany","CT",41.417896,-73.00356
"297",6525,"Standard","Woodbridge","New Haven County","Area Code 203",8990,"Woodbridge","CT",41.352964,-73.01212
"298",6530,"PO Box","New Haven","New Haven County","Area Code 203",NA,"New Haven","CT",41.365709,-72.927507
"299",6531,"PO Box","New Haven","New Haven County","Area Code 203",NA,"New Haven","CT",41.365709,-72.927507
"300",6532,"PO Box","New Haven","New Haven County","Area Code 203",NA,"New Haven","CT",41.365709,-72.927507
"301",6533,"PO Box","New Haven","New Haven County","Area Code 203",NA,"New Haven","CT",41.365709,-72.927507
"302",6534,"PO Box","New Haven","New Haven County","Area Code 203",NA,"New Haven","CT",41.365709,-72.927507
"303",6535,"PO Box","New Haven","New Haven County","Area Code 203",NA,"New Haven","CT",41.365709,-72.927507
"304",6536,"PO Box","New Haven","New Haven County","Area Code 203",NA,"New Haven","CT",41.365709,-72.927507
"305",6537,"Unique","New Haven","New Haven County","Area Code 203",NA,"New Haven","CT",41.365709,-72.927507
"306",6538,"Unique","New Haven","New Haven County","Area Code 203",NA,"New Haven","CT",41.365709,-72.927507
"307",6540,"Unique","New Haven","New Haven County","Area Code 203",NA,"New Haven","CT",41.299647,-72.918846
"308",6601,"PO Box","Bridgeport","Fairfield County","Area Code 203",NA,"Bridgeport","CT",41.308873,-73.363661
"309",6602,"PO Box","Bridgeport","Fairfield County","Area Code 203",NA,"Bridgeport","CT",41.179846,-73.189006
"310",6604,"Standard","Bridgeport","Fairfield County","Area Code 203",30313,"Bridgeport","CT",41.178696,-73.20004
"311",6605,"Standard","Bridgeport","Fairfield County","Area Code 203",23397,"Bridgeport","CT",41.163596,-73.21633
"312",6606,"Standard","Bridgeport","Fairfield County","Area Code 203",46236,"Bridgeport","CT",41.209496,-73.20771
"313",6607,"Standard","Bridgeport","Fairfield County","Area Code 203",7843,"Bridgeport","CT",41.177646,-73.16649
"314",6608,"Standard","Bridgeport","Fairfield County","Area Code 203",13671,"Bridgeport","CT",41.188746,-73.1813
"315",6610,"Standard","Bridgeport","Fairfield County","Area Code 203",22735,"Bridgeport","CT",41.202091,-73.1708
"316",6611,"Standard","Trumbull","Fairfield County","Area Code 203",36091,"Trumbull","CT",41.256129,-73.21227
"317",6612,"Standard","Easton","Fairfield County","Area Code 203",7453,"Easton","CT",41.253946,-73.28842
"318",6614,"Standard","Stratford","Fairfield County","Area Code 203",32929,"Stratford","CT",41.219246,-73.13221
"319",6615,"Standard","Stratford","Fairfield County","Area Code 203",18453,"Stratford","CT",41.175947,-73.13515
"320",6650,"Standard","Bridgeport","Fairfield County","Area Code 203",NA,"Bridgeport","CT",41.308873,-73.363661
"321",6673,"Unique","Bridgeport","Fairfield County","Area Code 203",NA,"Bridgeport","CT",41.308873,-73.363661
"322",6699,"Unique","Bridgeport","Fairfield County","Area Code 203",NA,"Bridgeport","CT",41.308873,-73.363661
"323",6701,"Unique","Waterbury","New Haven County","Area Code 203",NA,"Waterbury","CT",41.365709,-72.927507
"324",6702,"Standard","Waterbury","New Haven County","Area Code 203",3654,"Waterbury","CT",41.555846,-73.0431
"325",6703,"PO Box","Waterbury","New Haven County","Area Code 203",NA,"Waterbury","CT",41.365709,-72.927507
"326",6704,"Standard","Waterbury","New Haven County","Area Code 203",25139,"Waterbury","CT",41.57693,-73.03488
"327",6705,"Standard","Waterbury, Wolcott","New Haven County","Area Code 203",27122,"Waterbury","CT",41.54903,-72.99861
"328",6706,"Standard","Waterbury","New Haven County","Area Code 203",14324,"Waterbury","CT",41.537896,-73.02827
"329",6708,"Standard","Waterbury","New Haven County","Area Code 203",29418,"Waterbury","CT",41.551601,-73.06262
"330",6710,"Standard","Waterbury","New Haven County","Area Code 203",10715,"Waterbury","CT",41.569496,-73.04484
"331",6712,"Standard","Prospect, Waterbury","New Haven County","Area Code 203",9376,"Prospect","CT",41.501856,-72.97799
"332",6716,"Standard","Wolcott, Waterbury","New Haven County","Area Code 203",16680,"Wolcott","CT",41.594785,-72.97889
"333",6720,"PO Box","Waterbury","New Haven County","Area Code 203",NA,"Waterbury","CT",41.365709,-72.927507
"334",6721,"PO Box","Waterbury","New Haven County","Area Code 203",NA,"Waterbury","CT",41.365709,-72.927507
"335",6722,"PO Box","Waterbury","New Haven County","Area Code 203",NA,"Waterbury","CT",41.365709,-72.927507
"336",6723,"PO Box","Waterbury","New Haven County","Area Code 203",NA,"Waterbury","CT",41.365709,-72.927507
"337",6724,"PO Box","Waterbury","New Haven County","Area Code 203",NA,"Waterbury","CT",41.365709,-72.927507
"338",6725,"PO Box","Waterbury","New Haven County","Area Code 203",NA,"Waterbury","CT",41.365709,-72.927507
"339",6726,"PO Box","Waterbury","New Haven County","Area Code 203",NA,"Waterbury","CT",41.365709,-72.927507
"340",6749,"Unique","Waterbury","New Haven County","Area Code 203",NA,"Waterbury","CT",41.365709,-72.927507
"341",6750,"Standard","Bantam","Litchfield County","Area Code 860",1446,"Bantam","CT",41.721024,-73.24774
"342",6751,"Standard","Bethlehem","Litchfield County","Area Code 203",3577,"Bethlehem","CT",41.639235,-73.20864
"343",6752,"Standard","Bridgewater","Litchfield County","Area Code 860",1735,"Bridgewater","CT",41.52599,-73.36092
"344",6753,"PO Box","Cornwall","Litchfield County","Area Code 860",NA,"Cornwall","CT",41.828067,-73.332345
"345",6754,"Standard","Cornwall Bridge, Cornwall Brg, Warren","Litchfield County","Area Code 860",1699,"Cornwall Bridge","CT",41.786035,-73.35774
"346",6755,"Standard","Gaylordsville","Litchfield County","Area Code 860",1133,"Gaylordsville","CT",41.655998,-73.47692
"347",6756,"Standard","Goshen","Litchfield County","Area Code 860",2853,"Goshen","CT",41.836049,-73.24506
"348",6757,"Standard","Kent","Litchfield County","Area Code 860",2258,"Kent","CT",41.729239,-73.45553
"349",6758,"Standard","Lakeside","Litchfield County","",354,"Lakeside","CT",41.739889,-73.222981
"350",6759,"Standard","Litchfield","Litchfield County","Area Code 860",5720,"Litchfield","CT",41.754255,-73.21268
"351",6762,"Standard","Middlebury","New Haven County","Area Code 203",7561,"Middlebury","CT",41.532992,-73.11555
"352",6763,"Standard","Morris","Litchfield County","Area Code 860",2033,"Morris","CT",41.693856,-73.21056
"353",6770,"Standard","Naugatuck","New Haven County","Area Code 203",31975,"Naugatuck","CT",41.493763,-73.05173
"354",6776,"Standard","New Milford","Litchfield County","Area Code 860",26889,"New Milford","CT",41.581494,-73.41313
"355",6777,"Standard","New Preston Marble Dale, New Preston, Warren, Washington Depot, W...","Litchfield County","Area Code 860",1733,"New Preston Marble Dale","CT",41.697487,-73.3435
"356",6778,"Standard","Northfield, Thomaston","Litchfield County","Area Code 860",1378,"Northfield","CT",41.694945,-73.10942
"357",6779,"Standard","Oakville, Watertown","Litchfield County","Area Code 860",8324,"Oakville","CT",41.592046,-73.08543
"358",6781,"PO Box","Pequabuck","Litchfield County","",NA,"Pequabuck","CT",41.669898,-72.99145
"359",6782,"Standard","Plymouth","Litchfield County","Area Code 860",2376,"Plymouth","CT",41.662281,-73.0482
"360",6783,"Standard","Roxbury","Litchfield County","Area Code 860",2228,"Roxbury","CT",41.557711,-73.30816
"361",6784,"Standard","Sherman","Fairfield County","Area Code 860",3689,"Sherman","CT",41.566534,-73.4915
"362",6785,"Standard","South Kent","Litchfield County","Area Code 860",686,"South Kent","CT",41.69971,-73.44024
"363",6786,"Standard","Terryville","Litchfield County","Area Code 860",9867,"Terryville","CT",41.676415,-73.00836
"364",6787,"Standard","Thomaston","Litchfield County","Area Code 860",7975,"Thomaston","CT",41.677982,-73.08979
"365",6790,"Standard","Torrington","Litchfield County","Area Code 860",36482,"Torrington","CT",41.820274,-73.11787
"366",6791,"Standard","Harwinton, Torrington","Litchfield County","Area Code 860",5666,"Harwinton","CT",41.754872,-73.06927
"367",6792,"Unique","Torrington, Harwinton","Litchfield County","Area Code 860",NA,"Torrington","CT",41.77,-73.06
"368",6793,"Standard","Washington, Washington Depot, Washington Dt","Litchfield County","Area Code 860",1140,"Washington","CT",41.633422,-73.28946
"369",6794,"Standard","Washington Depot, Washington Dt","Litchfield County","Area Code 860",1065,"Washington Depot","CT",41.644096,-73.32437
"370",6795,"Standard","Watertown","Litchfield County","Area Code 860",14144,"Watertown","CT",41.608196,-73.12099
"371",6796,"Standard","West Cornwall","Litchfield County","Area Code 860",1009,"West Cornwall","CT",41.875075,-73.33673
"372",6798,"Standard","Woodbury","Litchfield County","Area Code 203",9984,"Woodbury","CT",41.554112,-73.20539
"373",6801,"Standard","Bethel","Fairfield County","Area Code 203",18581,"Bethel","CT",41.379978,-73.40105
"374",6804,"Standard","Brookfield, Brookfld Ctr","Fairfield County","Area Code 203",16466,"Brookfield","CT",41.465811,-73.39982
"375",6807,"Standard","Cos Cob","Fairfield County","Area Code 203",7150,"Cos Cob","CT",41.047627,-73.59508
"376",6810,"Standard","Danbury","Fairfield County","Area Code 203",49482,"Danbury","CT",41.390194,-73.45441
"377",6811,"Standard","Danbury","Fairfield County","Area Code 203",31400,"Danbury","CT",41.425594,-73.47006
"378",6812,"Standard","New Fairfield","Fairfield County","Area Code 203",13881,"New Fairfield","CT",41.472227,-73.49673
"379",6813,"PO Box","Danbury","Fairfield County","Area Code 203",NA,"Danbury","CT",41.308873,-73.363661
"380",6814,"Unique","Danbury","Fairfield County","Area Code 203",NA,"Danbury","CT",41.308873,-73.363661
"381",6816,"Unique","Danbury","Fairfield County","Area Code 203",NA,"Danbury","CT",41.308873,-73.363661
"382",6817,"Unique","Danbury","Fairfield County","Area Code 203",NA,"Danbury","CT",41.308873,-73.363661
"383",6820,"Standard","Darien","Fairfield County","Area Code 203",20732,"Darien","CT",41.075663,-73.48294
"384",6824,"Standard","Fairfield","Fairfield County","Area Code 203",33900,"Fairfield","CT",41.163879,-73.265744
"385",6825,"Standard","Fairfield","Fairfield County","Area Code 203",21123,"Bridgeport","CT",41.191685,-73.238012
"386",6828,"Unique","Fairfield","Fairfield County","Area Code 203",NA,"Fairfield","CT",41.13,-73.28
"387",6829,"PO Box","Georgetown","Fairfield County","Area Code 203",NA,"Georgetown","CT",41.25553,-73.427915
"388",6830,"Standard","Greenwich","Fairfield County","Area Code 203",24027,"Greenwich","CT",41.03073,-73.62985
"389",6831,"Standard","Greenwich","Fairfield County","Area Code 203",14792,"Greenwich","CT",41.061296,-73.65866
"390",6832,"Unique","Greenwich, Brm","Fairfield County","Area Code 203",NA,"Greenwich","CT",41.308873,-73.363661
"391",6836,"PO Box","Greenwich","Fairfield County","Area Code 203",NA,"Greenwich","CT",41.308873,-73.363661
"392",6838,"PO Box","Greens Farms","Fairfield County","Area Code 203",NA,"Greens Farms","CT",41.12,-73.31
"393",6840,"Standard","New Canaan","Fairfield County","Area Code 203",19738,"New Canaan","CT",41.150146,-73.49178
"394",6842,"Unique","New Canaan","Fairfield County","Area Code 203",NA,"New Canaan","CT",41.147096,-73.495366
"395",6850,"Standard","Norwalk","Fairfield County","Area Code 203",18078,"Norwalk","CT",41.124546,-73.43658
"396",6851,"Standard","Norwalk","Fairfield County","Area Code 203",26703,"Norwalk","CT",41.134896,-73.4053
"397",6852,"PO Box","Norwalk","Fairfield County","Area Code 203",NA,"Norwalk","CT",41.308873,-73.363661
"398",6853,"Standard","Norwalk","Fairfield County","Area Code 203",3646,"Norwalk","CT",41.066196,-73.43819
"399",6854,"Standard","Norwalk","Fairfield County","Area Code 203",29100,"Norwalk","CT",41.092196,-73.42869
"400",6855,"Standard","Norwalk","Fairfield County","Area Code 860",7892,"Norwalk","CT",41.100496,-73.39918
"401",6856,"PO Box","Norwalk","Fairfield County","Area Code 203",3,"Norwalk","CT",41.111196,-73.420363
"402",6857,"Unique","Norwalk","Fairfield County","Area Code 203",NA,"Norwalk","CT",41.308873,-73.363661
"403",6858,"Unique","Norwalk","Fairfield County","Area Code 203",NA,"Norwalk","CT",41.110496,-73.416213
"404",6859,"Unique","Norwalk","Fairfield County","Area Code 203",NA,"Norwalk","CT",41.308873,-73.363661
"405",6860,"Unique","Norwalk","Fairfield County","Area Code 203",NA,"Norwalk","CT",41.308873,-73.363661
"406",6870,"Standard","Old Greenwich","Fairfield County","Area Code 203",7316,"Old Greenwich","CT",41.033347,-73.56804
"407",6875,"PO Box","Redding Center, Redding Cen","Fairfield County","Area Code 203",NA,"Redding Center","CT",41.308873,-73.363661
"408",6876,"PO Box","Redding Ridge","Fairfield County","Area Code 203",NA,"Redding Ridge","CT",41.032647,-73.583569
"409",6877,"Standard","Ridgefield","Fairfield County","Area Code 203",24677,"Ridgefield","CT",41.297911,-73.49178
"410",6878,"Standard","Riverside","Fairfield County","Area Code 203",8043,"Riverside","CT",41.034264,-73.5842
"411",6879,"Unique","Ridgefield","Fairfield County","Area Code 203",NA,"Ridgefield","CT",41.308873,-73.363661
"412",6880,"Standard","Westport","Fairfield County","Area Code 203",26647,"Westport","CT",41.140896,-73.35178
"413",6881,"PO Box","Westport","Fairfield County","Area Code 203",NA,"Westport","CT",41.308873,-73.363661
"414",6883,"Standard","Weston","Fairfield County","Area Code 203",10179,"Weston","CT",41.216454,-73.37308
"415",6888,"Unique","Westport","Fairfield County","Area Code 203",NA,"Westport","CT",41.308873,-73.363661
"416",6889,"Unique","Westport","Fairfield County","Area Code 203",NA,"Westport","CT",41.141005,-73.34689
"417",6890,"Standard","Southport","Fairfield County","Area Code 203",4306,"Fairfield","CT",41.142754,-73.288247
"418",6896,"Standard","Redding, West Redding","Fairfield County","Area Code 860",9110,"Redding","CT",41.301007,-73.39857
"419",6897,"Standard","Wilton","Fairfield County","Area Code 203",18071,"Wilton","CT",41.201446,-73.43758
"420",6901,"Standard","Stamford","Fairfield County","Area Code 203",6828,"Stamford","CT",41.051996,-73.53903
"421",6902,"Standard","Stamford","Fairfield County","Area Code 203",63406,"Stamford","CT",41.047996,-73.53688
"422",6903,"Standard","Stamford","Fairfield County","Area Code 203",14499,"Stamford","CT",41.132096,-73.56423
"423",6904,"PO Box","Stamford","Fairfield County","Area Code 203",NA,"Stamford","CT",41.308873,-73.363661
"424",6905,"Standard","Stamford, Ridgeway","Fairfield County","Area Code 203",19649,"Stamford","CT",41.081396,-73.54506
"425",6906,"Standard","Stamford","Fairfield County","Area Code 203",9088,"Stamford","CT",41.069298,-73.52182
"426",6907,"Standard","Stamford","Fairfield County","Area Code 203",9016,"Stamford","CT",41.096846,-73.52128
"427",6910,"Standard","Stamford","Fairfield County","Area Code 203",NA,"Stamford","CT",41.039147,-73.559118
"428",6911,"PO Box","Stamford","Fairfield County","Area Code 203",NA,"Stamford","CT",41.308873,-73.363661
"429",6912,"PO Box","Stamford","Fairfield County","Area Code 203",NA,"Stamford","CT",41.308873,-73.363661
"430",6913,"Unique","Stamford","Fairfield County","Area Code 203",NA,"Stamford","CT",41.308873,-73.363661
"431",6914,"Unique","Stamford","Fairfield County","Area Code 203",NA,"Stamford","CT",41.308873,-73.363661
"432",6920,"Unique","Stamford","Fairfield County","Area Code 203",NA,"Stamford","CT",41.308873,-73.363661
"433",6921,"Unique","Stamford","Fairfield County","Area Code 203",NA,"Stamford","CT",41.049866,-73.53796
"434",6922,"Unique","Stamford","Fairfield County","Area Code 203",NA,"Stamford","CT",41.051551,-73.514344
"435",6925,"Unique","Stamford","Fairfield County","Area Code 203",NA,"Stamford","CT",41.308873,-73.363661
"436",6926,"Unique","Stamford","Fairfield County","Area Code 203",NA,"Stamford","CT",41.041197,-73.538567
"437",6927,"Unique","Stamford","Fairfield County","Area Code 203",NA,"Stamford","CT",41.308873,-73.363661
"438",6928,"Unique","Stamford","Fairfield County","Area Code 203",NA,"Stamford","CT",41.308873,-73.363661
